Feature,Importance
duration,0.3621322390288921
euribor3m,0.09535738684331412
nr.employed,0.060847798001122416
age,0.04574800668768497
emp.var.rate,0.038660096711083745
cons.conf.idx,0.027134564932885994
cons.price.idx,0.025066345918047298
campaign,0.018970528440620582
pdays,0.01679124047695697
poutcome_success,0.01270293751470149
contact_cellular,0.010291393478507731
month_may,0.010036984548349323
previous,0.009246745501681114
contact_telephone,0.008990172911579683
education_university.degree,0.008658435897070313
housing_no,0.008351024066331956
housing_yes,0.008271152217997018
day_of_week_mon,0.007802986119249392
job_admin.,0.007698126784416083
marital_married,0.007673916526717723
day_of_week_thu,0.0075194424581522
age_group_adult,0.00726040209013859
campaign_intensity_low,0.007177841128894108
campaign_intensity_single,0.007093722440789215
marital_single,0.007056199992908282
has_previous_contact,0.007038195013177748
day_of_week_wed,0.006977037561328342
education_high.school,0.006938265337675314
day_of_week_fri,0.0069053741313507425
job_blue-collar,0.006684205259523921
day_of_week_tue,0.0065391676181058185
job_technician,0.006350113222886567
default_no,0.006107562524225591
age_group_middle_age,0.0060220253781004245
poutcome_nonexistent,0.0060185077069813304
education_basic.9y,0.005837062588238212
loan_yes,0.00560230014129727
loan_no,0.0054747674017927425
default_unknown,0.005365030898633293
age_group_young,0.00532385979415681
education_professional.course,0.005272574323724474
month_oct,0.005073140770374357
marital_divorced,0.004805204234091843
job_services,0.0045322468818015105
job_management,0.004320926754086051
poutcome_failure,0.0042150799094026374
campaign_intensity_medium,0.004196018897447343
education_basic.4y,0.004163339232482156
month_apr,0.0040032149435459494
age_group_senior,0.0038346763921593458
month_mar,0.003831682375939872
job_retired,0.0035732792365747623
job_self-employed,0.003032984720101553
education_basic.6y,0.002978458796620224
campaign_intensity_high,0.00294137447390522
job_student,0.0027619941196304685
job_entrepreneur,0.002696850503315686
job_unemployed,0.0023255121912697783
month_jun,0.002218920352287116
job_housemaid,0.002179044323003787
month_jul,0.001985329950441308
month_aug,0.0018135923828257983
month_nov,0.0017827306245226855
month_sep,0.0012514346651804652
month_dec,0.0003451914955152586
education_illiterate,0.00014197463525205976
default_yes,5.7518931819565596e-08
